NOII_type,NOAM_type,NOCS_type,NOM_type,NMO_type,ATFD_type,FANOUT_type,NOMNAMM_type,NOA_type,NIM_type,DIT_type,LOC_type,LOCNAMM_type,CFNAMM_type,TCC_type,CBO_type,RFC_type,NOC_type,WMC_type,LCOM5_type,WOC_type,WMCNAMM_type,AMW_type,AMWNAMM_type,NOCS_package,NOMNAMM_package,NOI_package,LOC_package,NOM_package,NOPK_project,NOCS_project,NOI_project,NOM_project,NOMNAMM_project,LOC_project,visibility_type,modifier_type,isStatic_type,NOPA_type,number_private_visibility_attributes,number_protected_visibility_attributes,is_smelly
2.0,6.0,12.0,14,23.0,23.0,25.0,0,6.0,13.0,3,480,486,0.0,20.0,0.0,2.0,8.0,1,6,14.0,17,12.0,18.0,12.0,35,17.0,115,24,2.0,20.0,26.0,32,8,521,6.0,15.0,24.0,16.0,22.0,3.0,true
25.0,8.0,0.0,19,16.0,6.0,7.0,19,6.0,16.0,3,237,367,10.0,8.0,21.0,10.0,22.0,19,7,15.0,13,16.0,6.0,26.0,16,19.0,407,33,11.0,15.0,6.0,12,20,450,6.0,16.0,10.0,6.0,7.0,25.0,true
24.0,11.0,5.0,32,1.0,8.0,13.0,36,13.0,20.0,3,409,262,8.0,12.0,14.0,25.0,6.0,10,10,1.0,13,6.0,2.0,7.0,27,2.0,446,5,3.0,14.0,2.0,16,9,60,19.0,4.0,24.0,19.0,10.0,5.0,false
10.0,26.0,5.0,1,21.0,7.0,26.0,22,24.0,1.0,2,183,396,3.0,11.0,17.0,2.0,1.0,16,2,21.0,9,17.0,11.0,26.0,14,21.0,115,23,2.0,15.0,23.0,5,12,462,7.0,16.0,3.0,19.0,18.0,11.0,false
12.0,1.0,7.0,31,13.0,23.0,14.0,19,20.0,7.0,0,202,501,9.0,24.0,20.0,16.0,24.0,5,4,0.0,18,23.0,4.0,7.0,2,13.0,130,24,1.0,16.0,2.0,12,10,550,6.0,5.0,13.0,6.0,24.0,17.0,true
2.0,18.0,10.0,18,16.0,11.0,22.0,34,5.0,9.0,2,317,229,8.0,15.0,14.0,0.0,20.0,14,1,18.0,20,16.0,15.0,10.0,0,24.0,533,3,21.0,8.0,1.0,19,11,216,2.0,7.0,2.0,17.0,15.0,24.0,false
23.0,3.0,9.0,4,18.0,25.0,23.0,14,4.0,19.0,1,240,250,7.0,20.0,26.0,17.0,13.0,3,3,1.0,9,0.0,9.0,11.0,24,5.0,264,34,15.0,19.0,4.0,34,31,272,20.0,11.0,6.0,11.0,25.0,23.0,false
9.0,2.0,0.0,29,18.0,16.0,20.0,10,26.0,0.0,0,561,372,25.0,12.0,14.0,25.0,4.0,4,7,25.0,9,2.0,11.0,25.0,11,9.0,455,21,13.0,25.0,4.0,3,19,310,26.0,12.0,21.0,8.0,11.0,24.0,false
8.0,26.0,1.0,7,17.0,22.0,12.0,2,18.0,20.0,0,401,485,19.0,5.0,11.0,19.0,14.0,8,0,12.0,19,14.0,16.0,9.0,24,5.0,217,28,17.0,6.0,0.0,19,20,392,15.0,15.0,10.0,3.0,10.0,25.0,false
9.0,7.0,10.0,28,0.0,25.0,20.0,10,19.0,23.0,1,37,171,2.0,7.0,15.0,2.0,14.0,14,11,14.0,19,22.0,14.0,8.0,9,19.0,219,34,20.0,20.0,20.0,27,35,177,10.0,7.0,26.0,15.0,5.0,1.0,false
8.0,3.0,17.0,34,15.0,7.0,26.0,31,7.0,22.0,3,67,472,11.0,16.0,4.0,13.0,16.0,10,7,5.0,10,24.0,14.0,21.0,9,23.0,231,7,3.0,15.0,1.0,16,8,3,8.0,12.0,26.0,6.0,26.0,17.0,false
26.0,20.0,2.0,6,13.0,21.0,19.0,34,11.0,1.0,3,358,302,5.0,2.0,19.0,8.0,22.0,1,4,5.0,2,19.0,3.0,1.0,3,26.0,99,36,18.0,6.0,13.0,3,25,127,24.0,13.0,7.0,13.0,6.0,21.0,false
21.0,13.0,17.0,6,0.0,13.0,4.0,16,22.0,15.0,3,178,14,17.0,6.0,16.0,13.0,24.0,9,7,6.0,0,19.0,1.0,15.0,21,2.0,228,29,1.0,1.0,4.0,16,13,78,20.0,2.0,3.0,22.0,1.0,9.0,false
20.0,23.0,14.0,14,22.0,25.0,6.0,12,20.0,6.0,0,155,60,10.0,11.0,1.0,5.0,4.0,11,0,0.0,2,22.0,7.0,22.0,25,20.0,348,22,13.0,3.0,6.0,24,10,446,6.0,12.0,24.0,0.0,16.0,5.0,false
3.0,23.0,18.0,9,19.0,10.0,23.0,2,7.0,25.0,1,238,120,24.0,0.0,17.0,5.0,17.0,19,10,20.0,8,17.0,14.0,5.0,29,9.0,37,5,0.0,12.0,14.0,26,9,305,24.0,6.0,3.0,9.0,9.0,25.0,false
0.0,0.0,15.0,10,21.0,1.0,24.0,12,0.0,7.0,0,126,244,23.0,4.0,8.0,20.0,15.0,11,0,7.0,13,1.0,9.0,3.0,8,15.0,141,13,24.0,23.0,17.0,4,12,141,20.0,13.0,9.0,21.0,14.0,18.0,false
4.0,21.0,10.0,5,2.0,5.0,8.0,17,19.0,9.0,3,398,113,18.0,16.0,9.0,12.0,25.0,10,7,20.0,19,11.0,26.0,17.0,19,3.0,360,2,24.0,1.0,23.0,15,7,285,14.0,17.0,14.0,22.0,16.0,24.0,false
12.0,0.0,16.0,3,9.0,17.0,2.0,33,5.0,17.0,0,113,85,6.0,17.0,8.0,14.0,26.0,9,11,12.0,19,9.0,20.0,5.0,12,9.0,3,6,26.0,23.0,12.0,2,31,507,10.0,4.0,22.0,13.0,2.0,13.0,false
24.0,19.0,14.0,13,12.0,15.0,9.0,21,12.0,0.0,1,10,61,8.0,16.0,6.0,24.0,2.0,14,2,3.0,8,18.0,10.0,4.0,1,4.0,389,30,8.0,23.0,11.0,5,1,73,7.0,13.0,21.0,0.0,10.0,7.0,false
9.0,5.0,21.0,5,25.0,9.0,0.0,11,21.0,2.0,1,69,427,23.0,15.0,23.0,13.0,1.0,19,4,15.0,15,0.0,21.0,15.0,36,26.0,20,21,19.0,17.0,6.0,30,23,267,7.0,13.0,17.0,22.0,22.0,11.0,false
15.0,8.0,22.0,4,18.0,2.0,19.0,35,17.0,0.0,3,58,0,25.0,0.0,0.0,4.0,2.0,6,7,20.0,17,5.0,12.0,6.0,18,14.0,206,25,20.0,19.0,8.0,17,21,362,13.0,16.0,9.0,5.0,24.0,11.0,false
2.0,1.0,25.0,0,3.0,13.0,22.0,33,7.0,2.0,0,257,197,12.0,14.0,19.0,25.0,4.0,18,6,19.0,1,0.0,1.0,18.0,4,23.0,425,13,6.0,14.0,25.0,2,32,2,25.0,23.0,9.0,0.0,25.0,20.0,false
2.0,7.0,3.0,29,19.0,5.0,16.0,22,12.0,20.0,2,36,49,11.0,7.0,8.0,1.0,17.0,11,2,23.0,10,22.0,21.0,10.0,0,23.0,252,36,15.0,15.0,2.0,4,24,483,18.0,2.0,5.0,4.0,13.0,14.0,false
3.0,18.0,3.0,28,7.0,6.0,20.0,17,16.0,23.0,2,23,301,0.0,1.0,18.0,10.0,24.0,7,5,1.0,3,20.0,5.0,25.0,28,22.0,546,35,7.0,22.0,14.0,30,5,53,8.0,25.0,21.0,9.0,6.0,9.0,false
0.0,13.0,18.0,32,24.0,4.0,14.0,22,24.0,15.0,1,426,94,14.0,13.0,10.0,6.0,13.0,1,0,10.0,18,4.0,22.0,22.0,35,17.0,84,2,16.0,16.0,2.0,2,11,126,17.0,13.0,25.0,12.0,3.0,14.0,false
17.0,1.0,22.0,20,13.0,10.0,12.0,17,26.0,1.0,0,138,164,18.0,10.0,21.0,25.0,15.0,1,0,2.0,0,7.0,1.0,20.0,31,20.0,158,34,25.0,20.0,13.0,36,4,92,6.0,17.0,17.0,10.0,10.0,7.0,false
26.0,24.0,16.0,2,18.0,11.0,9.0,13,17.0,1.0,2,510,296,17.0,25.0,21.0,21.0,9.0,6,1,19.0,20,17.0,5.0,2.0,31,1.0,123,12,0.0,14.0,25.0,34,8,364,3.0,6.0,4.0,6.0,21.0,23.0,false
25.0,26.0,6.0,11,14.0,12.0,17.0,15,7.0,24.0,2,112,467,24.0,7.0,23.0,5.0,21.0,15,10,20.0,16,24.0,9.0,11.0,14,9.0,225,34,26.0,10.0,19.0,27,20,60,5.0,24.0,24.0,7.0,7.0,0.0,false
22.0,14.0,11.0,19,24.0,18.0,7.0,6,5.0,0.0,1,349,252,2.0,6.0,1.0,22.0,12.0,13,4,14.0,9,23.0,14.0,7.0,18,4.0,500,22,18.0,10.0,12.0,8,35,197,20.0,14.0,14.0,23.0,18.0,2.0,false
0.0,23.0,18.0,14,10.0,7.0,4.0,10,22.0,1.0,0,152,218,7.0,1.0,25.0,21.0,10.0,17,5,21.0,12,20.0,19.0,20.0,1,18.0,305,23,23.0,14.0,23.0,15,25,277,1.0,8.0,21.0,11.0,17.0,23.0,false
7.0,19.0,0.0,36,21.0,4.0,21.0,26,25.0,15.0,0,362,135,4.0,10.0,21.0,17.0,8.0,2,5,5.0,17,18.0,18.0,10.0,36,8.0,538,6,22.0,6.0,0.0,33,20,155,9.0,15.0,1.0,13.0,6.0,22.0,false
22.0,2.0,10.0,18,11.0,20.0,16.0,9,19.0,10.0,2,46,118,24.0,25.0,3.0,1.0,21.0,12,2,15.0,18,9.0,22.0,7.0,28,24.0,454,21,4.0,23.0,0.0,7,27,227,14.0,4.0,18.0,20.0,0.0,16.0,false
22.0,15.0,8.0,24,5.0,13.0,21.0,1,7.0,7.0,3,297,457,9.0,25.0,9.0,4.0,9.0,8,4,17.0,1,3.0,0.0,0.0,21,19.0,102,0,9.0,14.0,22.0,2,28,469,16.0,22.0,22.0,24.0,4.0,1.0,false
1.0,8.0,14.0,16,9.0,22.0,3.0,18,6.0,3.0,0,540,262,2.0,21.0,21.0,9.0,9.0,0,6,26.0,11,10.0,21.0,18.0,32,22.0,7,18,2.0,0.0,26.0,10,22,340,4.0,16.0,18.0,14.0,14.0,14.0,false
13.0,0.0,20.0,32,1.0,7.0,3.0,13,6.0,0.0,2,233,107,3.0,22.0,10.0,5.0,21.0,10,7,4.0,9,11.0,21.0,6.0,3,9.0,198,15,21.0,7.0,2.0,26,7,435,23.0,0.0,1.0,10.0,9.0,21.0,false
8.0,12.0,13.0,7,6.0,22.0,8.0,29,0.0,10.0,2,200,510,9.0,9.0,19.0,17.0,5.0,2,2,21.0,1,22.0,9.0,5.0,13,9.0,263,21,15.0,18.0,12.0,8,36,466,18.0,7.0,10.0,19.0,5.0,8.0,true
3.0,25.0,8.0,1,7.0,24.0,10.0,7,15.0,25.0,3,46,233,25.0,24.0,20.0,12.0,10.0,16,2,7.0,6,18.0,13.0,10.0,35,4.0,294,31,16.0,25.0,5.0,33,35,482,12.0,26.0,0.0,3.0,3.0,4.0,false
6.0,15.0,16.0,16,18.0,24.0,11.0,29,17.0,8.0,2,235,319,26.0,20.0,19.0,21.0,21.0,5,5,25.0,1,12.0,9.0,26.0,35,5.0,54,20,3.0,5.0,2.0,0,36,299,16.0,0.0,7.0,1.0,26.0,11.0,false
21.0,2.0,6.0,15,12.0,24.0,21.0,33,4.0,10.0,0,61,237,8.0,21.0,16.0,24.0,5.0,10,0,7.0,4,14.0,18.0,11.0,10,22.0,407,4,1.0,2.0,14.0,20,18,204,12.0,22.0,19.0,26.0,8.0,8.0,false
24.0,7.0,26.0,21,25.0,2.0,7.0,36,20.0,4.0,3,175,386,2.0,4.0,8.0,11.0,20.0,8,11,9.0,12,22.0,17.0,26.0,6,21.0,178,20,0.0,15.0,16.0,33,28,485,15.0,0.0,20.0,21.0,16.0,16.0,false
4.0,22.0,1.0,23,9.0,3.0,9.0,10,0.0,5.0,0,468,132,3.0,13.0,10.0,17.0,9.0,3,5,9.0,19,11.0,22.0,21.0,13,0.0,388,25,7.0,11.0,26.0,17,1,356,26.0,26.0,12.0,17.0,12.0,6.0,false
7.0,10.0,1.0,33,2.0,16.0,8.0,21,19.0,15.0,0,393,407,26.0,26.0,15.0,17.0,13.0,17,4,15.0,20,12.0,26.0,26.0,4,25.0,332,8,25.0,21.0,7.0,18,2,532,2.0,21.0,0.0,16.0,7.0,0.0,false
16.0,8.0,18.0,19,20.0,4.0,12.0,3,21.0,17.0,2,247,69,15.0,22.0,11.0,1.0,0.0,8,9,9.0,16,24.0,23.0,10.0,33,22.0,418,3,21.0,23.0,17.0,32,35,448,4.0,11.0,15.0,11.0,15.0,2.0,false
10.0,13.0,22.0,23,17.0,26.0,2.0,34,26.0,2.0,1,545,440,14.0,14.0,2.0,6.0,7.0,13,4,1.0,7,26.0,19.0,8.0,17,21.0,510,16,3.0,7.0,11.0,30,28,231,15.0,6.0,21.0,10.0,13.0,1.0,false
10.0,7.0,8.0,8,11.0,22.0,2.0,10,6.0,11.0,3,435,184,15.0,13.0,13.0,5.0,16.0,11,7,24.0,14,3.0,7.0,18.0,36,17.0,286,4,7.0,5.0,4.0,15,4,310,19.0,10.0,3.0,16.0,22.0,24.0,false
13.0,13.0,22.0,9,4.0,22.0,21.0,23,6.0,18.0,3,284,189,16.0,9.0,17.0,13.0,1.0,11,7,10.0,1,21.0,7.0,3.0,16,4.0,183,21,19.0,25.0,23.0,36,20,373,23.0,21.0,14.0,9.0,11.0,4.0,false
5.0,15.0,13.0,17,19.0,20.0,22.0,22,22.0,4.0,3,552,185,11.0,19.0,10.0,19.0,5.0,2,2,18.0,2,20.0,3.0,25.0,32,14.0,188,12,12.0,7.0,26.0,15,0,153,20.0,23.0,11.0,11.0,9.0,23.0,false
16.0,16.0,18.0,15,13.0,19.0,25.0,22,16.0,14.0,3,37,512,22.0,0.0,15.0,9.0,24.0,1,2,5.0,15,0.0,12.0,26.0,29,14.0,115,4,9.0,26.0,5.0,34,26,146,1.0,18.0,8.0,6.0,18.0,12.0,false
3.0,2.0,0.0,1,0.0,2.0,9.0,33,16.0,9.0,1,92,304,12.0,17.0,8.0,21.0,13.0,3,8,17.0,3,25.0,21.0,10.0,3,7.0,247,26,17.0,25.0,18.0,23,35,126,9.0,18.0,12.0,5.0,12.0,8.0,false
9.0,15.0,2.0,27,1.0,6.0,21.0,4,9.0,4.0,0,371,410,6.0,2.0,3.0,23.0,10.0,19,11,17.0,12,5.0,26.0,10.0,24,3.0,162,36,25.0,16.0,3.0,25,0,301,12.0,10.0,8.0,18.0,18.0,24.0,false
20.0,13.0,15.0,34,25.0,25.0,12.0,24,3.0,1.0,1,249,409,4.0,1.0,19.0,14.0,6.0,7,6,16.0,0,11.0,4.0,2.0,17,17.0,116,24,18.0,10.0,17.0,16,23,169,9.0,12.0,20.0,25.0,17.0,3.0,false
11.0,13.0,17.0,0,6.0,25.0,2.0,29,9.0,3.0,3,371,554,16.0,10.0,22.0,24.0,10.0,19,0,0.0,16,12.0,26.0,26.0,23,14.0,39,0,13.0,8.0,4.0,13,32,315,5.0,21.0,10.0,4.0,23.0,21.0,false
9.0,5.0,15.0,3,0.0,25.0,9.0,21,18.0,10.0,3,190,258,15.0,10.0,3.0,9.0,0.0,1,11,16.0,17,21.0,2.0,6.0,3,20.0,378,30,24.0,26.0,4.0,9,31,278,25.0,15.0,20.0,15.0,5.0,2.0,false
19.0,15.0,24.0,31,8.0,15.0,16.0,27,2.0,12.0,3,132,302,1.0,3.0,11.0,22.0,18.0,8,11,11.0,10,7.0,6.0,26.0,10,11.0,546,17,21.0,2.0,19.0,5,13,176,1.0,26.0,15.0,17.0,7.0,25.0,false
11.0,9.0,19.0,16,20.0,10.0,24.0,3,16.0,24.0,3,253,460,18.0,23.0,22.0,7.0,14.0,7,8,20.0,5,22.0,24.0,5.0,19,9.0,346,23,15.0,21.0,21.0,25,6,134,11.0,8.0,16.0,7.0,21.0,15.0,false
22.0,24.0,6.0,27,11.0,17.0,22.0,17,20.0,2.0,1,183,210,16.0,6.0,22.0,6.0,3.0,20,4,12.0,9,18.0,15.0,7.0,3,24.0,347,10,19.0,2.0,4.0,24,9,200,22.0,7.0,15.0,2.0,14.0,11.0,false
10.0,0.0,1.0,28,19.0,9.0,11.0,29,12.0,21.0,3,520,197,17.0,22.0,4.0,20.0,7.0,0,8,15.0,16,18.0,26.0,13.0,11,6.0,494,22,9.0,19.0,7.0,34,2,60,1.0,22.0,9.0,14.0,23.0,14.0,false
4.0,9.0,25.0,1,25.0,16.0,25.0,7,22.0,21.0,0,345,403,13.0,0.0,10.0,10.0,15.0,10,11,6.0,5,16.0,22.0,6.0,31,16.0,356,30,18.0,24.0,16.0,9,35,313,13.0,0.0,26.0,6.0,14.0,5.0,false
9.0,26.0,25.0,8,13.0,18.0,16.0,14,26.0,18.0,1,420,250,11.0,19.0,8.0,3.0,24.0,11,3,12.0,5,20.0,14.0,15.0,36,2.0,106,36,21.0,21.0,17.0,35,0,373,22.0,0.0,20.0,16.0,5.0,10.0,false
2.0,23.0,5.0,7,7.0,13.0,3.0,11,26.0,5.0,2,160,437,17.0,13.0,24.0,23.0,4.0,1,8,25.0,9,13.0,22.0,23.0,21,0.0,422,32,26.0,4.0,16.0,23,29,193,8.0,22.0,22.0,14.0,23.0,21.0,false
2.0,25.0,11.0,17,19.0,25.0,7.0,33,12.0,7.0,3,452,290,9.0,9.0,11.0,20.0,23.0,11,3,2.0,10,22.0,13.0,24.0,10,19.0,352,7,22.0,4.0,24.0,7,13,298,1.0,3.0,6.0,10.0,21.0,4.0,false
26.0,13.0,14.0,18,17.0,5.0,7.0,34,24.0,1.0,1,330,396,26.0,22.0,26.0,8.0,5.0,17,10,9.0,10,13.0,0.0,14.0,19,26.0,538,10,25.0,20.0,26.0,15,7,269,12.0,10.0,0.0,15.0,26.0,20.0,false
18.0,3.0,5.0,15,25.0,21.0,7.0,1,0.0,11.0,1,167,328,17.0,6.0,20.0,24.0,21.0,4,11,1.0,7,23.0,7.0,3.0,25,3.0,542,2,17.0,21.0,13.0,28,12,241,8.0,0.0,24.0,0.0,20.0,14.0,false
12.0,19.0,24.0,26,17.0,0.0,11.0,1,9.0,4.0,3,72,276,12.0,5.0,25.0,21.0,24.0,0,2,19.0,6,0.0,16.0,9.0,33,3.0,461,12,7.0,0.0,8.0,33,25,346,16.0,2.0,26.0,25.0,16.0,0.0,false
17.0,19.0,7.0,16,4.0,2.0,5.0,27,17.0,0.0,3,415,493,18.0,6.0,16.0,2.0,19.0,13,1,8.0,17,9.0,1.0,11.0,13,16.0,480,27,24.0,13.0,3.0,30,23,306,15.0,8.0,4.0,26.0,13.0,20.0,false
14.0,24.0,11.0,9,2.0,2.0,26.0,12,10.0,21.0,1,502,430,6.0,0.0,10.0,22.0,23.0,6,9,8.0,5,1.0,23.0,14.0,34,26.0,488,14,26.0,6.0,20.0,16,9,424,6.0,12.0,19.0,26.0,7.0,19.0,false
16.0,13.0,9.0,11,24.0,26.0,4.0,21,14.0,12.0,2,373,254,4.0,14.0,6.0,3.0,16.0,20,8,2.0,4,0.0,17.0,9.0,31,11.0,560,35,8.0,26.0,2.0,1,2,262,23.0,11.0,24.0,20.0,4.0,5.0,false
19.0,7.0,21.0,17,16.0,22.0,2.0,2,13.0,14.0,2,134,412,6.0,22.0,25.0,4.0,4.0,2,7,10.0,9,12.0,4.0,19.0,34,22.0,536,26,1.0,12.0,19.0,14,8,505,26.0,18.0,22.0,14.0,16.0,16.0,false
0.0,8.0,10.0,28,26.0,15.0,26.0,25,2.0,5.0,2,548,519,26.0,10.0,9.0,0.0,0.0,16,4,1.0,18,18.0,17.0,25.0,11,14.0,29,1,24.0,17.0,13.0,3,9,156,3.0,24.0,4.0,8.0,0.0,20.0,false
15.0,3.0,24.0,11,5.0,24.0,8.0,15,12.0,23.0,1,3,388,5.0,17.0,17.0,8.0,7.0,6,2,21.0,1,2.0,13.0,7.0,35,6.0,189,11,18.0,18.0,0.0,3,23,254,23.0,3.0,19.0,4.0,9.0,19.0,false
24.0,5.0,25.0,30,24.0,20.0,0.0,30,19.0,1.0,2,116,547,9.0,11.0,9.0,13.0,22.0,0,5,15.0,9,7.0,25.0,25.0,10,10.0,248,34,16.0,5.0,23.0,33,20,120,0.0,18.0,21.0,13.0,21.0,23.0,false
0.0,13.0,0.0,15,5.0,24.0,21.0,10,1.0,9.0,1,109,227,13.0,1.0,7.0,16.0,9.0,8,0,14.0,14,20.0,3.0,6.0,34,16.0,208,0,9.0,17.0,26.0,36,35,94,2.0,8.0,0.0,12.0,16.0,15.0,false
26.0,20.0,23.0,33,9.0,6.0,23.0,32,15.0,2.0,1,197,540,19.0,12.0,18.0,15.0,21.0,6,11,26.0,19,16.0,24.0,25.0,25,14.0,224,12,3.0,10.0,10.0,27,1,282,7.0,26.0,23.0,1.0,1.0,14.0,false
8.0,7.0,20.0,30,21.0,5.0,26.0,17,19.0,12.0,2,228,152,25.0,23.0,6.0,5.0,12.0,5,3,15.0,13,19.0,19.0,21.0,22,2.0,3,3,6.0,0.0,9.0,35,13,288,16.0,10.0,26.0,3.0,12.0,20.0,false
20.0,5.0,8.0,11,0.0,12.0,18.0,3,21.0,10.0,1,74,268,25.0,15.0,26.0,6.0,4.0,17,3,4.0,13,10.0,20.0,21.0,5,25.0,140,7,0.0,26.0,11.0,28,17,452,5.0,12.0,5.0,3.0,14.0,1.0,false
5.0,22.0,2.0,33,2.0,8.0,0.0,5,5.0,12.0,3,2,41,14.0,23.0,4.0,14.0,6.0,16,3,11.0,15,2.0,26.0,1.0,6,17.0,355,25,11.0,6.0,23.0,10,26,121,14.0,6.0,6.0,20.0,20.0,24.0,false
5.0,9.0,13.0,35,9.0,21.0,0.0,0,26.0,16.0,2,166,381,15.0,25.0,16.0,22.0,0.0,12,4,2.0,10,3.0,15.0,2.0,3,9.0,419,29,21.0,15.0,14.0,9,2,442,21.0,25.0,0.0,3.0,17.0,15.0,false
15.0,15.0,12.0,12,13.0,2.0,2.0,22,9.0,4.0,3,274,416,23.0,24.0,14.0,7.0,0.0,19,3,26.0,11,19.0,0.0,3.0,13,7.0,79,32,13.0,3.0,12.0,9,15,516,25.0,23.0,16.0,15.0,4.0,7.0,false
11.0,16.0,18.0,5,20.0,9.0,22.0,4,2.0,8.0,1,415,32,3.0,18.0,7.0,13.0,24.0,6,0,0.0,0,2.0,7.0,19.0,14,11.0,160,31,24.0,0.0,10.0,33,13,445,6.0,10.0,10.0,14.0,9.0,23.0,false
20.0,6.0,24.0,21,6.0,25.0,8.0,21,15.0,9.0,1,413,150,14.0,8.0,19.0,26.0,11.0,14,4,6.0,8,3.0,8.0,7.0,21,24.0,369,9,22.0,13.0,24.0,0,18,355,8.0,17.0,23.0,16.0,24.0,10.0,false
25.0,13.0,11.0,23,3.0,15.0,12.0,17,15.0,0.0,0,14,479,22.0,19.0,19.0,20.0,18.0,9,4,19.0,9,9.0,2.0,22.0,4,7.0,20,1,2.0,24.0,11.0,33,11,452,23.0,8.0,2.0,16.0,20.0,12.0,false
19.0,21.0,19.0,16,10.0,17.0,9.0,8,1.0,19.0,1,329,244,17.0,25.0,20.0,15.0,3.0,0,1,22.0,3,7.0,12.0,26.0,34,0.0,92,18,4.0,7.0,22.0,19,15,333,16.0,10.0,14.0,15.0,4.0,9.0,false
14.0,19.0,24.0,18,17.0,8.0,9.0,24,17.0,11.0,2,446,541,19.0,21.0,10.0,13.0,6.0,8,6,17.0,10,14.0,17.0,13.0,17,12.0,422,36,14.0,7.0,26.0,32,33,10,17.0,0.0,16.0,14.0,7.0,12.0,false
10.0,26.0,23.0,27,0.0,12.0,11.0,20,23.0,14.0,1,265,239,18.0,0.0,5.0,25.0,19.0,15,5,24.0,3,12.0,7.0,5.0,10,17.0,97,36,3.0,15.0,1.0,3,7,392,20.0,25.0,12.0,17.0,4.0,23.0,false
25.0,15.0,24.0,9,21.0,20.0,5.0,14,2.0,7.0,2,315,435,26.0,20.0,24.0,17.0,11.0,3,3,24.0,12,21.0,25.0,4.0,34,14.0,380,34,7.0,11.0,11.0,2,23,525,1.0,15.0,11.0,4.0,19.0,20.0,true
17.0,24.0,22.0,25,4.0,11.0,19.0,8,15.0,9.0,0,280,367,5.0,3.0,25.0,0.0,12.0,15,8,5.0,18,22.0,2.0,20.0,7,24.0,68,15,6.0,23.0,17.0,35,31,144,7.0,11.0,22.0,16.0,6.0,10.0,false
2.0,13.0,14.0,7,3.0,12.0,10.0,34,18.0,0.0,3,530,89,25.0,14.0,21.0,11.0,22.0,2,4,20.0,20,12.0,18.0,21.0,14,15.0,269,27,23.0,25.0,0.0,29,9,137,2.0,2.0,3.0,11.0,7.0,7.0,false
14.0,17.0,22.0,3,16.0,24.0,18.0,24,20.0,25.0,1,217,119,19.0,2.0,25.0,19.0,6.0,3,9,9.0,8,13.0,4.0,21.0,19,18.0,270,13,23.0,20.0,23.0,35,12,490,15.0,11.0,10.0,10.0,2.0,25.0,false
7.0,26.0,17.0,3,1.0,13.0,1.0,24,26.0,8.0,0,296,376,16.0,20.0,2.0,10.0,20.0,7,7,17.0,13,1.0,2.0,14.0,18,7.0,96,11,21.0,16.0,6.0,8,15,441,23.0,26.0,18.0,23.0,8.0,25.0,false
16.0,24.0,3.0,24,16.0,9.0,25.0,19,11.0,18.0,2,380,523,13.0,12.0,18.0,1.0,15.0,7,5,0.0,10,9.0,8.0,25.0,29,18.0,256,21,10.0,7.0,24.0,20,31,263,3.0,15.0,23.0,23.0,25.0,15.0,false
11.0,2.0,16.0,19,2.0,24.0,25.0,6,14.0,10.0,3,132,362,25.0,14.0,5.0,21.0,11.0,6,4,10.0,11,19.0,24.0,12.0,6,9.0,367,14,21.0,1.0,20.0,29,2,540,25.0,18.0,0.0,4.0,13.0,19.0,false
7.0,19.0,17.0,33,22.0,19.0,22.0,28,4.0,5.0,2,256,111,9.0,2.0,24.0,23.0,11.0,7,2,26.0,6,10.0,23.0,21.0,17,13.0,366,10,1.0,10.0,14.0,28,21,142,16.0,15.0,8.0,13.0,9.0,11.0,false
23.0,7.0,9.0,29,16.0,19.0,2.0,28,18.0,22.0,0,400,388,8.0,2.0,23.0,23.0,26.0,9,6,8.0,1,3.0,26.0,18.0,21,12.0,24,1,15.0,0.0,24.0,24,29,313,16.0,4.0,0.0,12.0,12.0,24.0,false
18.0,9.0,4.0,16,13.0,15.0,7.0,34,12.0,11.0,2,89,508,19.0,6.0,19.0,21.0,3.0,18,1,18.0,6,17.0,9.0,24.0,31,26.0,521,1,3.0,20.0,18.0,1,14,107,22.0,25.0,7.0,23.0,9.0,21.0,false
3.0,20.0,1.0,1,26.0,13.0,5.0,26,22.0,9.0,2,14,0,12.0,13.0,2.0,15.0,6.0,19,3,26.0,19,13.0,21.0,3.0,3,18.0,349,14,25.0,9.0,4.0,23,14,165,19.0,5.0,8.0,5.0,16.0,26.0,false
9.0,16.0,9.0,30,12.0,11.0,4.0,35,20.0,13.0,1,306,514,24.0,16.0,1.0,12.0,0.0,16,7,16.0,1,13.0,3.0,18.0,12,5.0,231,17,19.0,23.0,11.0,20,18,522,21.0,5.0,19.0,23.0,5.0,26.0,false
0.0,16.0,14.0,32,5.0,15.0,10.0,1,23.0,19.0,2,459,557,24.0,1.0,26.0,14.0,14.0,9,1,10.0,16,17.0,25.0,3.0,13,0.0,261,3,18.0,11.0,12.0,17,29,337,26.0,9.0,3.0,24.0,2.0,13.0,false
2.0,2.0,19.0,25,21.0,24.0,20.0,9,3.0,6.0,1,547,371,4.0,18.0,12.0,5.0,21.0,0,10,24.0,5,18.0,26.0,1.0,1,14.0,82,0,22.0,15.0,24.0,1,26,419,15.0,13.0,6.0,16.0,0.0,12.0,false
24.0,9.0,5.0,6,7.0,16.0,14.0,1,13.0,1.0,2,52,109,11.0,19.0,6.0,6.0,18.0,19,0,22.0,16,24.0,4.0,0.0,32,13.0,517,30,2.0,15.0,23.0,25,0,3,15.0,17.0,2.0,3.0,6.0,21.0,false
17.0,4.0,23.0,28,2.0,14.0,13.0,11,6.0,14.0,2,136,544,18.0,1.0,4.0,21.0,7.0,16,9,11.0,18,12.0,25.0,13.0,33,23.0,82,13,9.0,13.0,8.0,12,15,248,9.0,10.0,4.0,17.0,0.0,17.0,false
20.0,7.0,4.0,35,5.0,19.0,8.0,33,3.0,0.0,2,206,515,0.0,21.0,14.0,6.0,10.0,12,0,20.0,11,22.0,24.0,23.0,8,7.0,463,8,5.0,12.0,12.0,13,9,6,17.0,9.0,12.0,9.0,18.0,26.0,false
15.0,3.0,23.0,33,5.0,3.0,7.0,14,23.0,17.0,1,561,108,24.0,15.0,6.0,22.0,8.0,10,5,18.0,12,18.0,25.0,3.0,2,12.0,255,24,7.0,18.0,3.0,4,23,514,24.0,5.0,16.0,20.0,3.0,11.0,false
4.0,14.0,12.0,31,14.0,8.0,5.0,14,1.0,26.0,3,457,60,6.0,3.0,11.0,22.0,15.0,0,10,24.0,14,7.0,22.0,13.0,34,9.0,351,2,0.0,5.0,25.0,32,1,249,16.0,22.0,24.0,24.0,11.0,8.0,false
3.0,18.0,6.0,17,17.0,1.0,2.0,18,4.0,20.0,1,328,211,14.0,15.0,4.0,3.0,20.0,10,10,5.0,7,4.0,15.0,2.0,13,24.0,352,2,13.0,0.0,11.0,24,22,311,4.0,8.0,14.0,3.0,22.0,26.0,false
5.0,16.0,2.0,29,10.0,13.0,16.0,16,8.0,26.0,2,272,366,18.0,3.0,3.0,24.0,22.0,0,2,25.0,5,4.0,3.0,13.0,23,23.0,63,29,10.0,14.0,7.0,31,11,111,21.0,16.0,1.0,19.0,20.0,8.0,false
8.0,17.0,25.0,7,11.0,20.0,15.0,27,12.0,23.0,3,511,333,26.0,7.0,11.0,16.0,26.0,3,2,24.0,8,2.0,25.0,24.0,16,3.0,449,33,14.0,11.0,15.0,11,6,227,4.0,26.0,23.0,11.0,19.0,20.0,true
25.0,9.0,5.0,13,19.0,9.0,15.0,35,15.0,5.0,2,243,325,24.0,13.0,2.0,13.0,13.0,5,8,6.0,7,17.0,5.0,18.0,13,22.0,44,11,13.0,14.0,1.0,7,34,293,19.0,18.0,10.0,2.0,21.0,12.0,false
17.0,2.0,0.0,36,11.0,24.0,20.0,5,11.0,25.0,3,425,183,26.0,9.0,1.0,17.0,17.0,6,10,6.0,17,17.0,3.0,7.0,22,13.0,378,12,11.0,7.0,22.0,11,24,499,1.0,7.0,17.0,2.0,3.0,14.0,true
6.0,26.0,14.0,13,20.0,25.0,7.0,29,21.0,7.0,1,450,349,5.0,5.0,24.0,23.0,24.0,16,0,5.0,0,21.0,19.0,8.0,26,5.0,259,4,15.0,6.0,18.0,23,10,555,14.0,19.0,25.0,15.0,17.0,12.0,true
6.0,14.0,23.0,1,17.0,26.0,2.0,26,24.0,9.0,0,304,240,26.0,22.0,8.0,20.0,12.0,5,4,12.0,10,16.0,19.0,25.0,29,24.0,413,29,2.0,6.0,13.0,19,12,284,6.0,7.0,2.0,20.0,0.0,17.0,false
18.0,26.0,1.0,35,9.0,16.0,6.0,1,18.0,5.0,0,233,91,0.0,10.0,20.0,14.0,3.0,11,5,25.0,15,8.0,0.0,5.0,2,11.0,540,14,11.0,6.0,0.0,31,15,427,15.0,9.0,18.0,8.0,18.0,15.0,false
23.0,11.0,10.0,32,14.0,12.0,1.0,25,16.0,14.0,1,349,286,26.0,20.0,10.0,9.0,25.0,2,11,15.0,0,23.0,25.0,20.0,28,18.0,253,25,2.0,21.0,16.0,32,15,210,5.0,12.0,4.0,21.0,14.0,2.0,false
18.0,22.0,2.0,24,10.0,9.0,17.0,24,8.0,26.0,3,204,469,0.0,25.0,13.0,15.0,5.0,0,7,5.0,8,11.0,11.0,1.0,4,15.0,521,25,17.0,15.0,14.0,33,8,57,24.0,18.0,9.0,14.0,23.0,22.0,false
7.0,22.0,18.0,32,22.0,5.0,10.0,6,26.0,11.0,0,280,398,6.0,9.0,19.0,8.0,20.0,3,5,19.0,14,17.0,6.0,19.0,33,22.0,486,10,4.0,2.0,19.0,34,35,73,26.0,0.0,3.0,3.0,17.0,23.0,false
4.0,21.0,18.0,7,16.0,7.0,12.0,27,11.0,26.0,3,414,196,9.0,15.0,13.0,16.0,14.0,18,0,14.0,15,18.0,11.0,12.0,27,7.0,116,14,15.0,21.0,10.0,4,30,470,16.0,17.0,4.0,4.0,24.0,23.0,false
8.0,17.0,9.0,35,18.0,14.0,18.0,34,18.0,18.0,1,442,307,25.0,26.0,25.0,25.0,5.0,0,11,18.0,3,10.0,5.0,13.0,19,16.0,132,7,25.0,4.0,12.0,28,31,409,23.0,22.0,22.0,7.0,3.0,12.0,false
25.0,6.0,9.0,13,16.0,24.0,24.0,19,25.0,18.0,2,338,49,4.0,3.0,25.0,3.0,16.0,19,4,3.0,14,22.0,5.0,0.0,8,21.0,352,32,26.0,26.0,14.0,5,5,262,16.0,16.0,8.0,9.0,0.0,0.0,false
14.0,9.0,11.0,33,6.0,26.0,22.0,13,15.0,12.0,1,458,553,20.0,9.0,13.0,3.0,4.0,11,9,18.0,10,23.0,22.0,21.0,20,24.0,237,5,9.0,19.0,15.0,17,23,455,26.0,13.0,18.0,0.0,25.0,18.0,false
14.0,13.0,17.0,18,21.0,14.0,8.0,26,2.0,4.0,0,56,146,14.0,6.0,10.0,3.0,8.0,6,6,7.0,12,10.0,15.0,20.0,22,6.0,306,16,17.0,14.0,12.0,12,23,192,4.0,17.0,10.0,21.0,8.0,19.0,false
2.0,18.0,2.0,32,15.0,8.0,20.0,14,19.0,8.0,3,239,509,2.0,23.0,2.0,22.0,25.0,3,9,10.0,19,11.0,16.0,20.0,6,26.0,328,25,6.0,6.0,3.0,31,15,154,15.0,13.0,6.0,21.0,21.0,7.0,false
15.0,16.0,8.0,17,12.0,19.0,18.0,21,18.0,11.0,3,85,146,19.0,23.0,26.0,15.0,25.0,7,8,23.0,18,11.0,23.0,23.0,13,3.0,526,17,5.0,17.0,23.0,20,4,421,3.0,4.0,12.0,11.0,0.0,12.0,false
8.0,17.0,7.0,23,13.0,9.0,19.0,19,4.0,16.0,1,356,219,3.0,4.0,22.0,20.0,15.0,10,8,0.0,1,14.0,2.0,12.0,31,9.0,32,28,15.0,18.0,20.0,5,8,340,0.0,20.0,23.0,0.0,8.0,18.0,false
20.0,20.0,5.0,5,21.0,10.0,15.0,24,11.0,11.0,2,271,40,26.0,26.0,0.0,11.0,2.0,4,11,13.0,10,7.0,7.0,18.0,2,3.0,325,13,19.0,20.0,17.0,24,9,90,20.0,8.0,2.0,23.0,1.0,22.0,false
17.0,6.0,0.0,17,2.0,24.0,14.0,8,7.0,22.0,1,222,438,4.0,0.0,16.0,17.0,8.0,1,2,5.0,12,23.0,1.0,9.0,24,10.0,107,33,18.0,18.0,20.0,14,25,385,1.0,19.0,9.0,18.0,10.0,12.0,false
17.0,11.0,15.0,12,9.0,1.0,7.0,1,24.0,24.0,1,31,134,4.0,22.0,0.0,10.0,9.0,10,1,20.0,11,11.0,23.0,9.0,26,9.0,43,10,25.0,21.0,7.0,8,18,32,26.0,9.0,12.0,21.0,26.0,4.0,false
16.0,23.0,12.0,22,10.0,0.0,6.0,13,9.0,0.0,2,62,169,0.0,25.0,10.0,2.0,22.0,16,0,26.0,19,17.0,2.0,25.0,1,17.0,198,28,15.0,23.0,24.0,30,8,105,2.0,0.0,3.0,11.0,3.0,0.0,false
22.0,10.0,2.0,36,8.0,15.0,23.0,24,16.0,12.0,2,203,346,18.0,24.0,11.0,4.0,20.0,19,7,26.0,1,0.0,0.0,2.0,4,0.0,210,21,24.0,17.0,18.0,17,16,360,12.0,13.0,26.0,25.0,11.0,2.0,false
18.0,5.0,11.0,28,0.0,3.0,6.0,10,20.0,23.0,2,179,180,4.0,15.0,0.0,0.0,2.0,15,8,1.0,7,12.0,25.0,14.0,12,26.0,18,19,8.0,10.0,12.0,0,23,386,17.0,26.0,19.0,22.0,19.0,3.0,false
11.0,13.0,16.0,23,18.0,11.0,7.0,8,11.0,18.0,1,318,136,16.0,3.0,12.0,1.0,4.0,4,3,23.0,9,21.0,25.0,2.0,20,26.0,208,1,4.0,13.0,18.0,7,20,48,5.0,21.0,7.0,11.0,17.0,8.0,false
21.0,6.0,14.0,22,2.0,15.0,16.0,0,19.0,16.0,0,408,414,19.0,18.0,24.0,8.0,10.0,1,0,20.0,19,25.0,23.0,6.0,30,22.0,386,13,7.0,19.0,18.0,19,10,398,17.0,2.0,21.0,25.0,17.0,8.0,false
22.0,2.0,10.0,19,7.0,12.0,13.0,36,9.0,22.0,2,9,125,17.0,20.0,4.0,26.0,14.0,0,9,23.0,15,4.0,0.0,5.0,9,13.0,369,6,22.0,2.0,2.0,13,23,450,23.0,21.0,17.0,24.0,12.0,15.0,false
21.0,10.0,7.0,9,12.0,1.0,7.0,25,12.0,18.0,1,179,71,18.0,6.0,1.0,17.0,19.0,7,8,21.0,0,3.0,11.0,6.0,21,11.0,142,2,20.0,5.0,6.0,30,22,127,22.0,1.0,5.0,19.0,18.0,26.0,false
7.0,8.0,24.0,10,0.0,0.0,8.0,3,14.0,13.0,1,334,449,4.0,19.0,5.0,9.0,1.0,0,5,25.0,15,16.0,24.0,4.0,7,10.0,497,19,11.0,7.0,22.0,0,12,536,5.0,18.0,21.0,0.0,22.0,21.0,false
5.0,19.0,2.0,10,24.0,0.0,14.0,23,23.0,8.0,3,193,468,23.0,21.0,15.0,6.0,4.0,6,4,19.0,19,20.0,13.0,10.0,28,1.0,92,10,10.0,20.0,22.0,22,29,408,26.0,16.0,9.0,14.0,26.0,24.0,false
10.0,10.0,6.0,18,6.0,26.0,12.0,15,17.0,12.0,1,185,326,23.0,20.0,17.0,3.0,24.0,12,4,4.0,11,21.0,3.0,1.0,31,9.0,170,20,1.0,11.0,5.0,9,24,485,20.0,25.0,7.0,11.0,19.0,13.0,false
6.0,21.0,10.0,10,16.0,5.0,12.0,35,7.0,10.0,0,182,98,11.0,3.0,11.0,10.0,2.0,13,2,13.0,4,13.0,5.0,14.0,36,5.0,41,23,7.0,2.0,3.0,32,24,412,16.0,12.0,19.0,3.0,1.0,14.0,false
3.0,4.0,8.0,27,6.0,8.0,7.0,8,14.0,1.0,0,301,139,6.0,16.0,4.0,16.0,14.0,19,5,9.0,15,1.0,3.0,4.0,34,19.0,42,16,20.0,18.0,5.0,13,21,89,18.0,10.0,24.0,17.0,12.0,2.0,false
19.0,21.0,8.0,34,9.0,1.0,4.0,8,16.0,15.0,0,296,403,7.0,20.0,2.0,24.0,6.0,4,2,2.0,0,12.0,21.0,3.0,21,7.0,133,10,13.0,11.0,4.0,17,28,94,23.0,8.0,19.0,4.0,24.0,14.0,false
11.0,2.0,14.0,6,2.0,25.0,2.0,2,18.0,6.0,2,373,363,19.0,7.0,20.0,21.0,24.0,3,7,19.0,8,3.0,2.0,18.0,8,11.0,51,35,25.0,21.0,4.0,11,4,234,2.0,3.0,1.0,0.0,19.0,23.0,false
16.0,21.0,3.0,4,20.0,10.0,12.0,21,12.0,13.0,3,93,386,14.0,22.0,21.0,11.0,21.0,7,3,15.0,1,23.0,19.0,3.0,8,11.0,194,30,23.0,25.0,5.0,27,36,87,1.0,6.0,23.0,19.0,16.0,8.0,false
11.0,5.0,0.0,13,8.0,8.0,26.0,27,8.0,2.0,3,233,388,23.0,12.0,3.0,5.0,26.0,7,10,17.0,1,13.0,14.0,20.0,13,9.0,320,17,26.0,4.0,12.0,30,26,437,7.0,25.0,8.0,20.0,18.0,25.0,false
19.0,19.0,19.0,23,19.0,21.0,3.0,4,3.0,11.0,1,97,493,3.0,22.0,7.0,10.0,12.0,14,5,17.0,0,19.0,20.0,6.0,32,16.0,499,20,1.0,17.0,25.0,20,22,28,12.0,14.0,10.0,16.0,17.0,10.0,false
20.0,20.0,4.0,1,3.0,1.0,6.0,34,6.0,14.0,2,203,331,25.0,7.0,19.0,14.0,21.0,18,4,20.0,0,21.0,16.0,2.0,27,15.0,545,19,0.0,9.0,10.0,0,26,391,1.0,5.0,9.0,1.0,7.0,3.0,false
17.0,2.0,13.0,8,25.0,16.0,21.0,31,5.0,18.0,0,188,287,20.0,0.0,24.0,5.0,18.0,14,1,24.0,17,12.0,3.0,26.0,36,7.0,102,34,14.0,3.0,26.0,3,34,3,19.0,9.0,1.0,3.0,17.0,7.0,false
26.0,17.0,0.0,9,21.0,3.0,16.0,31,5.0,18.0,0,273,557,26.0,16.0,20.0,5.0,14.0,14,0,5.0,20,0.0,8.0,23.0,4,18.0,277,20,15.0,9.0,18.0,9,5,157,3.0,24.0,0.0,8.0,11.0,18.0,false
1.0,1.0,8.0,14,16.0,18.0,14.0,11,23.0,11.0,1,305,69,0.0,14.0,10.0,22.0,25.0,12,10,6.0,16,12.0,15.0,11.0,6,13.0,471,7,7.0,19.0,13.0,18,26,159,9.0,24.0,1.0,10.0,25.0,26.0,false
8.0,22.0,19.0,7,20.0,3.0,16.0,29,19.0,26.0,3,200,302,9.0,25.0,5.0,2.0,2.0,4,1,25.0,13,19.0,14.0,23.0,22,21.0,408,5,0.0,14.0,11.0,1,18,542,5.0,13.0,18.0,15.0,21.0,11.0,true
1.0,21.0,10.0,19,14.0,15.0,14.0,17,18.0,22.0,1,205,450,19.0,9.0,14.0,21.0,14.0,14,3,16.0,6,12.0,16.0,8.0,20,12.0,366,30,8.0,16.0,15.0,0,16,462,11.0,15.0,10.0,4.0,7.0,26.0,false
23.0,17.0,1.0,14,1.0,19.0,22.0,13,6.0,5.0,3,544,416,18.0,8.0,20.0,15.0,11.0,11,6,1.0,11,11.0,17.0,1.0,30,17.0,473,35,21.0,8.0,24.0,21,2,463,7.0,23.0,11.0,12.0,16.0,1.0,true
21.0,12.0,18.0,12,9.0,11.0,14.0,17,10.0,12.0,2,449,311,18.0,3.0,6.0,8.0,14.0,3,1,5.0,8,12.0,11.0,3.0,5,7.0,101,36,17.0,4.0,7.0,3,26,60,0.0,23.0,9.0,8.0,20.0,17.0,false
25.0,12.0,6.0,15,18.0,14.0,13.0,5,15.0,5.0,3,55,257,18.0,1.0,19.0,26.0,20.0,5,5,18.0,19,20.0,2.0,23.0,13,7.0,31,18,11.0,24.0,24.0,4,25,251,23.0,26.0,13.0,0.0,15.0,9.0,false
21.0,22.0,26.0,16,5.0,14.0,13.0,19,15.0,13.0,0,393,49,7.0,1.0,4.0,13.0,18.0,15,8,21.0,3,4.0,16.0,10.0,36,4.0,379,30,22.0,12.0,4.0,33,28,417,8.0,5.0,4.0,4.0,17.0,15.0,false
15.0,15.0,22.0,33,4.0,14.0,4.0,1,4.0,13.0,3,318,387,6.0,8.0,20.0,22.0,7.0,0,9,23.0,6,11.0,23.0,8.0,6,26.0,434,11,22.0,12.0,9.0,10,33,111,5.0,21.0,1.0,22.0,20.0,20.0,false
17.0,24.0,23.0,35,5.0,17.0,4.0,6,13.0,10.0,0,73,486,2.0,9.0,3.0,11.0,2.0,8,8,6.0,5,17.0,8.0,17.0,30,20.0,22,20,12.0,22.0,21.0,28,0,64,19.0,10.0,11.0,23.0,18.0,17.0,false
2.0,17.0,8.0,34,21.0,8.0,6.0,34,23.0,26.0,2,554,143,15.0,17.0,22.0,26.0,24.0,14,1,4.0,13,5.0,7.0,26.0,9,23.0,136,28,20.0,15.0,9.0,2,11,407,21.0,10.0,7.0,0.0,19.0,4.0,false
10.0,7.0,15.0,11,3.0,26.0,14.0,36,2.0,1.0,2,282,285,9.0,23.0,11.0,20.0,4.0,11,5,26.0,12,6.0,15.0,24.0,15,4.0,149,15,11.0,11.0,24.0,17,31,223,3.0,5.0,22.0,8.0,14.0,25.0,false
3.0,20.0,7.0,31,3.0,5.0,15.0,31,15.0,19.0,1,432,91,6.0,23.0,3.0,23.0,5.0,5,2,13.0,1,13.0,6.0,22.0,33,15.0,358,22,1.0,17.0,5.0,3,26,428,12.0,20.0,16.0,26.0,4.0,5.0,false
18.0,23.0,14.0,8,9.0,4.0,8.0,23,25.0,26.0,2,447,347,25.0,12.0,18.0,7.0,4.0,18,2,18.0,19,10.0,25.0,12.0,8,3.0,57,33,19.0,12.0,10.0,23,6,234,21.0,8.0,25.0,4.0,6.0,21.0,false
16.0,13.0,3.0,36,16.0,22.0,26.0,13,21.0,12.0,2,268,8,15.0,0.0,9.0,17.0,14.0,19,8,18.0,17,2.0,22.0,18.0,13,19.0,509,0,14.0,7.0,7.0,12,10,304,2.0,2.0,19.0,4.0,21.0,24.0,false
21.0,26.0,3.0,26,12.0,6.0,9.0,8,5.0,9.0,2,358,474,22.0,9.0,7.0,21.0,9.0,7,5,22.0,10,18.0,25.0,0.0,4,15.0,307,9,5.0,9.0,14.0,10,35,0,24.0,6.0,7.0,9.0,5.0,8.0,false
21.0,12.0,19.0,33,14.0,3.0,19.0,7,15.0,12.0,3,297,404,20.0,15.0,0.0,2.0,9.0,1,10,26.0,2,1.0,1.0,5.0,31,26.0,87,29,11.0,24.0,15.0,7,7,114,15.0,5.0,10.0,25.0,17.0,10.0,false
17.0,18.0,2.0,29,5.0,23.0,7.0,26,5.0,22.0,0,206,189,15.0,1.0,16.0,5.0,8.0,4,2,21.0,17,20.0,20.0,3.0,1,23.0,78,6,13.0,10.0,3.0,15,27,104,0.0,6.0,14.0,3.0,9.0,16.0,false
7.0,15.0,23.0,31,25.0,13.0,25.0,26,0.0,19.0,1,272,255,3.0,14.0,26.0,11.0,14.0,19,6,15.0,4,3.0,5.0,18.0,35,14.0,271,13,21.0,22.0,23.0,24,9,322,12.0,8.0,3.0,7.0,4.0,17.0,false
3.0,1.0,1.0,9,8.0,19.0,2.0,34,20.0,11.0,3,66,165,0.0,3.0,15.0,24.0,15.0,5,4,12.0,6,24.0,5.0,2.0,1,12.0,380,11,7.0,20.0,18.0,33,12,122,16.0,7.0,22.0,22.0,9.0,11.0,false
14.0,7.0,5.0,15,16.0,16.0,7.0,2,12.0,11.0,1,227,502,24.0,0.0,25.0,20.0,14.0,20,2,5.0,20,16.0,22.0,24.0,6,4.0,35,24,20.0,9.0,25.0,26,15,127,25.0,26.0,12.0,12.0,11.0,26.0,false
6.0,5.0,17.0,2,5.0,2.0,1.0,5,13.0,25.0,2,337,120,14.0,3.0,2.0,17.0,15.0,15,7,15.0,2,17.0,16.0,19.0,5,16.0,402,7,7.0,26.0,21.0,27,33,528,20.0,0.0,6.0,17.0,19.0,25.0,false
23.0,6.0,5.0,5,8.0,25.0,0.0,10,13.0,17.0,3,472,133,4.0,23.0,15.0,0.0,22.0,3,8,25.0,2,1.0,17.0,17.0,22,13.0,232,31,10.0,26.0,12.0,15,4,248,4.0,24.0,24.0,19.0,22.0,16.0,false
5.0,8.0,6.0,8,4.0,26.0,17.0,31,5.0,11.0,1,199,313,11.0,2.0,24.0,21.0,6.0,1,1,10.0,12,21.0,19.0,12.0,1,24.0,262,28,13.0,12.0,5.0,29,28,97,8.0,26.0,10.0,9.0,3.0,25.0,false
3.0,14.0,17.0,11,18.0,4.0,10.0,0,10.0,17.0,0,308,211,0.0,8.0,5.0,6.0,21.0,12,4,2.0,1,21.0,23.0,24.0,26,17.0,390,6,16.0,16.0,14.0,7,1,288,14.0,0.0,6.0,2.0,13.0,2.0,false
21.0,15.0,15.0,15,24.0,17.0,7.0,23,12.0,4.0,3,277,337,5.0,22.0,21.0,6.0,20.0,6,0,16.0,11,26.0,12.0,15.0,7,26.0,525,12,17.0,14.0,6.0,15,23,475,23.0,5.0,15.0,21.0,10.0,3.0,false
10.0,17.0,22.0,3,7.0,14.0,7.0,3,20.0,8.0,0,198,364,7.0,6.0,25.0,19.0,20.0,7,2,16.0,10,0.0,15.0,24.0,32,14.0,454,10,3.0,8.0,25.0,6,20,519,9.0,3.0,20.0,4.0,21.0,1.0,false
3.0,16.0,18.0,33,7.0,20.0,18.0,18,11.0,16.0,1,456,78,23.0,14.0,25.0,8.0,2.0,10,0,14.0,7,5.0,21.0,10.0,17,1.0,453,3,9.0,21.0,24.0,23,15,239,25.0,4.0,9.0,2.0,5.0,7.0,false
9.0,24.0,14.0,6,6.0,15.0,13.0,29,5.0,4.0,3,137,503,21.0,10.0,4.0,18.0,3.0,14,7,4.0,6,2.0,19.0,7.0,8,24.0,391,34,5.0,7.0,20.0,21,2,540,25.0,7.0,1.0,18.0,1.0,20.0,false
20.0,2.0,11.0,31,1.0,7.0,1.0,23,23.0,26.0,1,2,202,25.0,17.0,0.0,8.0,21.0,12,6,23.0,8,10.0,13.0,0.0,35,9.0,537,2,19.0,26.0,17.0,27,19,296,23.0,12.0,5.0,18.0,13.0,10.0,false
15.0,16.0,2.0,17,12.0,12.0,20.0,1,7.0,13.0,1,311,522,21.0,9.0,5.0,7.0,6.0,7,11,25.0,5,20.0,23.0,13.0,27,4.0,416,26,1.0,7.0,22.0,34,31,483,25.0,17.0,15.0,17.0,18.0,21.0,false
16.0,11.0,25.0,29,7.0,6.0,15.0,20,5.0,19.0,0,343,126,2.0,5.0,19.0,21.0,26.0,20,8,10.0,9,10.0,23.0,22.0,15,24.0,452,34,6.0,18.0,2.0,7,3,30,19.0,19.0,26.0,20.0,22.0,2.0,false
17.0,26.0,4.0,9,6.0,23.0,16.0,35,6.0,10.0,0,207,195,10.0,4.0,13.0,0.0,12.0,6,8,5.0,14,22.0,21.0,16.0,28,23.0,433,4,18.0,25.0,10.0,22,24,20,14.0,20.0,8.0,10.0,16.0,7.0,false
12.0,21.0,23.0,36,6.0,11.0,14.0,14,12.0,23.0,1,488,259,23.0,16.0,0.0,22.0,10.0,17,7,14.0,4,18.0,26.0,1.0,24,17.0,215,10,3.0,4.0,7.0,26,26,206,2.0,24.0,4.0,26.0,14.0,4.0,false
24.0,17.0,23.0,8,1.0,11.0,18.0,11,8.0,6.0,1,168,462,18.0,15.0,2.0,23.0,18.0,16,10,14.0,6,6.0,13.0,19.0,24,1.0,190,8,12.0,20.0,1.0,27,26,390,3.0,0.0,23.0,24.0,20.0,2.0,false
3.0,20.0,19.0,5,2.0,22.0,19.0,2,19.0,23.0,3,529,509,25.0,8.0,7.0,16.0,0.0,10,0,20.0,18,18.0,24.0,18.0,26,10.0,314,20,2.0,26.0,9.0,33,0,424,0.0,15.0,18.0,6.0,26.0,0.0,false
26.0,25.0,13.0,14,7.0,6.0,20.0,35,26.0,13.0,1,150,393,8.0,17.0,3.0,11.0,14.0,9,3,4.0,10,1.0,17.0,19.0,33,23.0,352,2,13.0,12.0,5.0,6,8,393,21.0,0.0,22.0,13.0,2.0,19.0,false
22.0,7.0,13.0,16,15.0,3.0,2.0,16,23.0,20.0,1,437,34,13.0,20.0,23.0,1.0,25.0,5,1,8.0,4,3.0,16.0,10.0,4,13.0,137,24,7.0,6.0,23.0,23,25,371,20.0,23.0,8.0,4.0,5.0,21.0,false
16.0,4.0,19.0,16,1.0,17.0,17.0,8,10.0,20.0,1,454,84,10.0,15.0,20.0,23.0,9.0,17,10,12.0,11,14.0,9.0,6.0,32,5.0,493,6,7.0,4.0,12.0,7,6,322,5.0,0.0,10.0,11.0,23.0,26.0,false
0.0,2.0,2.0,28,13.0,10.0,0.0,17,12.0,4.0,0,307,371,2.0,21.0,3.0,9.0,25.0,0,10,11.0,3,19.0,9.0,23.0,13,9.0,372,2,21.0,0.0,22.0,27,19,166,12.0,8.0,12.0,13.0,20.0,11.0,false
7.0,3.0,8.0,10,23.0,23.0,13.0,25,6.0,19.0,1,223,335,17.0,20.0,11.0,14.0,23.0,19,11,8.0,6,23.0,25.0,18.0,12,23.0,258,0,12.0,16.0,1.0,11,28,204,0.0,9.0,6.0,15.0,25.0,22.0,false
2.0,21.0,12.0,8,26.0,18.0,24.0,22,15.0,8.0,0,74,31,26.0,21.0,21.0,12.0,12.0,19,9,9.0,15,14.0,4.0,25.0,9,25.0,44,23,16.0,24.0,24.0,15,8,244,24.0,21.0,20.0,23.0,12.0,3.0,false
14.0,2.0,1.0,33,10.0,3.0,19.0,24,26.0,11.0,1,358,472,19.0,18.0,24.0,9.0,5.0,15,0,23.0,12,19.0,1.0,2.0,8,10.0,21,6,24.0,18.0,5.0,14,33,477,11.0,20.0,20.0,24.0,15.0,18.0,false
19.0,24.0,13.0,26,17.0,18.0,25.0,7,20.0,9.0,1,423,445,16.0,19.0,17.0,0.0,26.0,12,1,22.0,6,6.0,12.0,9.0,14,16.0,63,0,26.0,20.0,23.0,0,0,297,1.0,4.0,25.0,3.0,23.0,10.0,false
4.0,26.0,18.0,27,19.0,4.0,4.0,13,15.0,8.0,2,226,2,3.0,9.0,20.0,1.0,23.0,18,5,19.0,14,10.0,26.0,19.0,0,0.0,145,6,1.0,26.0,9.0,33,20,170,11.0,25.0,5.0,8.0,0.0,5.0,false
17.0,6.0,4.0,36,9.0,25.0,1.0,35,19.0,23.0,3,24,331,2.0,4.0,18.0,3.0,11.0,12,3,3.0,4,2.0,10.0,4.0,22,17.0,172,8,24.0,15.0,0.0,1,7,314,21.0,15.0,20.0,23.0,13.0,17.0,false
13.0,16.0,2.0,35,1.0,22.0,0.0,7,0.0,6.0,1,191,83,15.0,0.0,21.0,15.0,26.0,4,0,3.0,16,19.0,25.0,20.0,11,24.0,233,13,12.0,11.0,6.0,14,27,329,21.0,23.0,9.0,25.0,16.0,22.0,false
19.0,3.0,3.0,4,18.0,17.0,24.0,32,24.0,3.0,2,319,39,5.0,5.0,13.0,20.0,19.0,11,3,5.0,3,26.0,13.0,24.0,11,1.0,119,28,11.0,4.0,11.0,35,27,323,20.0,24.0,1.0,17.0,10.0,3.0,false
24.0,7.0,0.0,28,3.0,26.0,26.0,31,10.0,18.0,3,219,31,4.0,24.0,19.0,13.0,14.0,0,6,17.0,20,14.0,7.0,10.0,36,21.0,397,28,26.0,6.0,4.0,8,10,318,6.0,2.0,21.0,5.0,20.0,13.0,false
6.0,25.0,8.0,16,1.0,2.0,12.0,26,16.0,26.0,3,554,470,12.0,11.0,25.0,7.0,6.0,0,10,11.0,7,9.0,9.0,24.0,10,15.0,541,20,22.0,14.0,16.0,34,9,398,13.0,16.0,8.0,11.0,18.0,20.0,true
19.0,2.0,5.0,25,11.0,7.0,2.0,31,8.0,11.0,0,87,543,23.0,4.0,10.0,12.0,2.0,11,11,13.0,18,21.0,8.0,20.0,5,9.0,218,7,2.0,20.0,25.0,26,17,416,8.0,20.0,10.0,19.0,15.0,3.0,false
18.0,25.0,5.0,19,24.0,14.0,20.0,22,21.0,26.0,1,357,337,0.0,10.0,16.0,19.0,2.0,2,5,3.0,8,1.0,23.0,12.0,12,21.0,235,29,11.0,15.0,8.0,34,15,188,24.0,17.0,4.0,23.0,7.0,21.0,false
24.0,17.0,19.0,25,7.0,13.0,13.0,33,13.0,25.0,2,42,527,17.0,16.0,3.0,14.0,3.0,13,3,21.0,16,21.0,24.0,23.0,26,1.0,154,18,26.0,13.0,15.0,11,33,88,15.0,24.0,15.0,6.0,3.0,1.0,false
25.0,14.0,24.0,3,13.0,13.0,22.0,6,5.0,26.0,1,334,311,22.0,8.0,0.0,1.0,2.0,15,11,18.0,10,0.0,4.0,17.0,36,11.0,561,9,0.0,8.0,25.0,1,16,273,18.0,18.0,12.0,5.0,26.0,9.0,false
17.0,12.0,26.0,2,8.0,9.0,21.0,26,2.0,11.0,1,380,347,16.0,4.0,5.0,20.0,20.0,9,11,14.0,14,7.0,24.0,3.0,35,8.0,386,22,25.0,10.0,12.0,4,13,28,5.0,26.0,5.0,8.0,19.0,13.0,false
20.0,2.0,17.0,20,26.0,0.0,23.0,23,1.0,5.0,0,254,64,25.0,19.0,18.0,10.0,22.0,20,3,16.0,13,9.0,16.0,24.0,22,1.0,263,7,16.0,14.0,14.0,19,13,71,4.0,23.0,18.0,8.0,19.0,0.0,false
3.0,6.0,9.0,30,9.0,18.0,5.0,6,22.0,9.0,3,179,306,17.0,16.0,3.0,1.0,1.0,10,0,25.0,12,2.0,9.0,2.0,5,6.0,378,24,24.0,8.0,26.0,14,18,84,8.0,2.0,1.0,4.0,17.0,5.0,false
26.0,7.0,16.0,21,16.0,24.0,4.0,21,4.0,12.0,0,183,487,6.0,24.0,2.0,9.0,17.0,7,6,6.0,0,18.0,4.0,1.0,16,16.0,539,28,7.0,0.0,0.0,25,28,115,10.0,16.0,1.0,23.0,16.0,6.0,false
25.0,21.0,12.0,8,18.0,8.0,26.0,31,26.0,9.0,1,34,306,10.0,22.0,6.0,11.0,4.0,7,4,3.0,4,6.0,2.0,19.0,21,7.0,531,3,26.0,4.0,24.0,34,7,406,7.0,8.0,26.0,3.0,18.0,10.0,false
23.0,15.0,21.0,15,2.0,1.0,24.0,13,4.0,17.0,1,467,527,5.0,11.0,15.0,11.0,9.0,5,4,13.0,4,20.0,1.0,7.0,34,18.0,434,12,4.0,21.0,9.0,23,14,473,23.0,16.0,23.0,1.0,11.0,23.0,false
15.0,16.0,2.0,0,0.0,4.0,3.0,26,12.0,17.0,1,106,51,26.0,12.0,21.0,18.0,23.0,18,0,2.0,7,23.0,21.0,22.0,36,12.0,154,35,19.0,3.0,9.0,4,19,390,2.0,4.0,10.0,11.0,24.0,25.0,false
17.0,24.0,16.0,31,21.0,23.0,26.0,26,4.0,20.0,2,31,429,4.0,25.0,8.0,0.0,10.0,9,4,2.0,6,21.0,17.0,22.0,36,15.0,120,35,25.0,0.0,2.0,34,31,147,18.0,18.0,12.0,0.0,22.0,8.0,false
18.0,0.0,10.0,8,1.0,16.0,26.0,26,23.0,20.0,3,420,557,10.0,7.0,2.0,23.0,25.0,11,1,3.0,20,9.0,9.0,13.0,33,1.0,125,33,8.0,25.0,8.0,17,4,532,21.0,2.0,25.0,23.0,6.0,22.0,false
21.0,12.0,10.0,1,4.0,20.0,18.0,18,16.0,18.0,2,320,482,18.0,25.0,20.0,9.0,18.0,14,7,6.0,15,11.0,24.0,1.0,34,2.0,399,33,6.0,23.0,7.0,32,32,335,13.0,18.0,23.0,0.0,4.0,22.0,false
17.0,4.0,18.0,14,6.0,10.0,14.0,23,20.0,7.0,3,119,553,4.0,25.0,12.0,25.0,6.0,7,6,23.0,4,17.0,10.0,6.0,6,19.0,358,33,9.0,13.0,6.0,26,21,48,15.0,9.0,14.0,7.0,13.0,26.0,false
12.0,13.0,4.0,18,26.0,17.0,18.0,33,14.0,6.0,1,252,401,1.0,23.0,4.0,5.0,26.0,12,11,13.0,11,7.0,18.0,8.0,25,3.0,266,11,8.0,16.0,11.0,16,16,285,25.0,9.0,24.0,14.0,9.0,22.0,false
3.0,2.0,8.0,31,8.0,22.0,9.0,25,6.0,6.0,0,113,7,13.0,1.0,21.0,20.0,7.0,8,6,21.0,1,25.0,26.0,12.0,21,25.0,97,22,1.0,19.0,24.0,13,22,236,21.0,11.0,9.0,20.0,26.0,4.0,false
15.0,22.0,21.0,15,15.0,15.0,2.0,31,0.0,16.0,2,97,495,6.0,19.0,16.0,22.0,6.0,18,7,17.0,19,3.0,23.0,18.0,15,8.0,276,28,6.0,1.0,6.0,5,1,299,7.0,4.0,15.0,12.0,8.0,14.0,false
6.0,1.0,21.0,21,20.0,21.0,16.0,10,23.0,19.0,3,438,8,3.0,23.0,6.0,22.0,4.0,4,7,10.0,10,14.0,14.0,8.0,2,23.0,548,27,4.0,24.0,22.0,8,1,330,17.0,9.0,14.0,17.0,13.0,21.0,true
11.0,0.0,2.0,9,14.0,6.0,18.0,36,11.0,18.0,2,370,8,9.0,26.0,1.0,14.0,10.0,14,3,7.0,8,5.0,23.0,12.0,26,25.0,260,2,0.0,24.0,4.0,4,21,286,12.0,7.0,24.0,12.0,4.0,4.0,false
10.0,14.0,5.0,19,15.0,5.0,14.0,21,1.0,3.0,1,444,296,15.0,7.0,7.0,9.0,1.0,3,11,14.0,6,8.0,21.0,24.0,24,22.0,133,31,24.0,9.0,10.0,7,11,444,12.0,9.0,19.0,9.0,3.0,10.0,false
6.0,9.0,12.0,22,7.0,21.0,6.0,18,7.0,19.0,0,101,271,3.0,26.0,11.0,13.0,23.0,6,3,1.0,16,1.0,12.0,21.0,23,11.0,400,24,2.0,2.0,13.0,14,32,127,21.0,24.0,13.0,22.0,5.0,7.0,false
11.0,20.0,15.0,19,15.0,12.0,21.0,4,16.0,8.0,2,412,138,12.0,19.0,6.0,25.0,26.0,5,4,9.0,8,23.0,19.0,10.0,17,11.0,435,27,18.0,23.0,0.0,8,7,173,11.0,14.0,7.0,16.0,17.0,8.0,false
10.0,24.0,24.0,30,24.0,5.0,11.0,14,18.0,25.0,3,166,351,19.0,21.0,17.0,5.0,1.0,18,4,5.0,7,3.0,4.0,5.0,8,3.0,26,0,15.0,20.0,15.0,17,28,299,2.0,2.0,6.0,6.0,18.0,18.0,false
18.0,10.0,14.0,0,2.0,22.0,21.0,19,19.0,3.0,2,333,290,8.0,8.0,4.0,24.0,25.0,8,2,11.0,15,16.0,25.0,19.0,33,13.0,209,20,12.0,3.0,8.0,28,26,544,17.0,1.0,20.0,9.0,13.0,19.0,true
9.0,8.0,22.0,6,17.0,5.0,16.0,11,7.0,12.0,2,188,92,2.0,19.0,16.0,19.0,14.0,19,6,2.0,9,22.0,8.0,23.0,34,20.0,493,28,13.0,17.0,18.0,2,26,169,18.0,26.0,23.0,0.0,3.0,18.0,false
26.0,7.0,6.0,10,7.0,20.0,20.0,18,4.0,22.0,3,426,82,19.0,7.0,4.0,20.0,10.0,12,4,25.0,18,18.0,13.0,26.0,10,17.0,439,19,13.0,25.0,3.0,18,4,390,11.0,5.0,7.0,21.0,13.0,8.0,false
3.0,24.0,6.0,4,10.0,18.0,18.0,35,15.0,8.0,0,19,108,4.0,1.0,13.0,26.0,16.0,11,3,26.0,14,16.0,25.0,24.0,29,9.0,270,26,3.0,26.0,17.0,32,3,166,18.0,0.0,13.0,4.0,19.0,11.0,false
14.0,13.0,15.0,13,0.0,3.0,23.0,7,24.0,20.0,2,153,518,22.0,11.0,22.0,21.0,0.0,17,8,5.0,15,26.0,14.0,3.0,11,17.0,436,13,14.0,14.0,1.0,3,29,453,23.0,23.0,14.0,15.0,22.0,9.0,false
4.0,22.0,0.0,16,6.0,13.0,3.0,28,14.0,20.0,3,212,396,24.0,22.0,25.0,9.0,26.0,4,2,23.0,3,5.0,7.0,13.0,26,25.0,64,27,20.0,7.0,8.0,15,27,528,0.0,2.0,21.0,20.0,5.0,26.0,false
24.0,8.0,18.0,11,17.0,4.0,5.0,20,14.0,0.0,2,198,314,12.0,19.0,1.0,11.0,5.0,19,5,14.0,19,13.0,20.0,23.0,21,4.0,448,12,18.0,24.0,6.0,34,27,140,17.0,10.0,3.0,12.0,22.0,15.0,false
11.0,12.0,14.0,20,0.0,7.0,19.0,19,4.0,18.0,0,87,156,9.0,17.0,11.0,1.0,11.0,17,6,15.0,10,1.0,17.0,11.0,18,3.0,360,1,14.0,10.0,10.0,25,19,28,6.0,6.0,16.0,24.0,21.0,10.0,false
2.0,20.0,13.0,12,6.0,6.0,20.0,12,26.0,0.0,2,449,247,13.0,12.0,4.0,1.0,10.0,8,11,26.0,20,1.0,17.0,15.0,29,11.0,503,20,18.0,14.0,25.0,30,0,249,21.0,11.0,21.0,8.0,21.0,19.0,false
14.0,23.0,17.0,16,26.0,11.0,11.0,25,22.0,6.0,2,130,165,4.0,21.0,26.0,4.0,14.0,16,5,26.0,11,15.0,3.0,1.0,24,8.0,424,3,13.0,0.0,5.0,20,6,375,12.0,4.0,26.0,22.0,26.0,25.0,false
22.0,0.0,26.0,32,9.0,5.0,10.0,16,26.0,18.0,1,296,388,11.0,20.0,0.0,4.0,7.0,18,9,8.0,0,5.0,5.0,21.0,9,1.0,161,17,4.0,6.0,6.0,4,29,241,4.0,19.0,19.0,4.0,2.0,25.0,false
15.0,21.0,22.0,26,2.0,23.0,18.0,27,16.0,4.0,3,300,127,4.0,20.0,1.0,9.0,19.0,5,6,16.0,6,17.0,18.0,15.0,0,24.0,28,18,22.0,13.0,18.0,10,3,217,0.0,18.0,6.0,17.0,22.0,2.0,false
14.0,12.0,25.0,11,19.0,19.0,20.0,25,12.0,20.0,0,99,74,20.0,20.0,18.0,3.0,4.0,20,8,7.0,9,1.0,0.0,24.0,19,0.0,331,34,0.0,20.0,22.0,28,15,501,15.0,0.0,11.0,23.0,16.0,13.0,false
11.0,6.0,11.0,26,6.0,25.0,20.0,14,17.0,2.0,2,263,16,22.0,12.0,16.0,21.0,22.0,12,10,17.0,7,26.0,5.0,9.0,36,10.0,140,0,8.0,3.0,13.0,5,4,510,22.0,24.0,22.0,26.0,2.0,18.0,false
12.0,10.0,22.0,32,16.0,25.0,7.0,16,4.0,15.0,3,403,75,24.0,14.0,23.0,17.0,11.0,11,3,2.0,16,23.0,16.0,3.0,11,23.0,287,9,2.0,24.0,10.0,32,31,22,9.0,14.0,17.0,2.0,2.0,3.0,false
24.0,18.0,14.0,36,10.0,14.0,6.0,32,12.0,4.0,0,349,199,5.0,21.0,18.0,16.0,1.0,4,0,19.0,19,4.0,21.0,7.0,21,10.0,210,36,1.0,18.0,4.0,8,34,347,10.0,23.0,4.0,8.0,18.0,5.0,false
16.0,6.0,2.0,2,26.0,22.0,1.0,10,19.0,7.0,1,444,240,8.0,19.0,15.0,5.0,5.0,15,7,23.0,14,18.0,3.0,10.0,11,7.0,249,19,20.0,4.0,7.0,34,6,25,4.0,24.0,4.0,10.0,26.0,4.0,false
23.0,26.0,7.0,34,3.0,12.0,19.0,36,5.0,6.0,2,36,185,10.0,15.0,22.0,19.0,23.0,0,8,15.0,0,15.0,15.0,26.0,21,21.0,488,11,19.0,16.0,26.0,31,19,39,19.0,21.0,18.0,7.0,21.0,14.0,false
25.0,21.0,14.0,20,17.0,12.0,8.0,16,14.0,21.0,1,372,459,3.0,0.0,15.0,20.0,23.0,16,10,20.0,2,9.0,22.0,12.0,7,17.0,303,29,14.0,9.0,1.0,26,32,18,23.0,1.0,5.0,7.0,20.0,12.0,false
18.0,9.0,6.0,13,15.0,25.0,4.0,16,17.0,13.0,0,146,541,24.0,24.0,14.0,6.0,12.0,9,6,12.0,18,7.0,17.0,5.0,9,11.0,353,12,1.0,21.0,6.0,6,35,145,13.0,8.0,7.0,4.0,24.0,1.0,false
20.0,21.0,19.0,7,0.0,24.0,26.0,15,16.0,23.0,3,133,168,23.0,2.0,0.0,2.0,25.0,13,9,21.0,6,14.0,20.0,14.0,22,14.0,412,6,0.0,20.0,25.0,31,29,95,26.0,4.0,20.0,25.0,14.0,15.0,false
10.0,16.0,23.0,19,18.0,22.0,16.0,20,17.0,19.0,2,147,288,6.0,12.0,0.0,7.0,18.0,2,9,4.0,4,6.0,1.0,4.0,8,9.0,181,14,0.0,5.0,4.0,4,18,156,5.0,13.0,14.0,25.0,21.0,20.0,false
10.0,16.0,7.0,10,12.0,21.0,17.0,19,15.0,8.0,0,425,464,3.0,9.0,17.0,1.0,22.0,7,9,20.0,7,20.0,24.0,11.0,2,16.0,217,17,18.0,4.0,8.0,17,14,85,11.0,22.0,26.0,8.0,19.0,14.0,false
24.0,5.0,15.0,12,24.0,14.0,25.0,29,10.0,19.0,1,151,140,15.0,6.0,11.0,7.0,8.0,5,4,0.0,9,25.0,3.0,7.0,8,12.0,247,29,13.0,15.0,20.0,17,0,36,24.0,25.0,17.0,26.0,2.0,5.0,false
20.0,19.0,15.0,36,26.0,15.0,11.0,1,9.0,9.0,1,270,266,18.0,1.0,21.0,22.0,7.0,0,5,11.0,1,7.0,22.0,5.0,15,24.0,7,8,25.0,12.0,19.0,22,1,360,17.0,8.0,11.0,6.0,22.0,0.0,false
21.0,25.0,25.0,20,25.0,18.0,19.0,33,18.0,15.0,1,164,422,17.0,16.0,26.0,14.0,3.0,5,0,10.0,18,6.0,24.0,20.0,22,10.0,298,13,19.0,10.0,16.0,10,2,323,7.0,21.0,12.0,14.0,1.0,2.0,false
14.0,19.0,19.0,0,2.0,9.0,14.0,26,18.0,4.0,2,61,561,8.0,22.0,0.0,6.0,14.0,10,8,5.0,16,25.0,23.0,12.0,19,3.0,118,34,2.0,4.0,14.0,36,27,355,7.0,17.0,1.0,22.0,7.0,3.0,false
1.0,16.0,16.0,3,6.0,9.0,6.0,21,11.0,12.0,0,61,94,5.0,2.0,13.0,13.0,14.0,20,11,20.0,2,22.0,12.0,6.0,14,16.0,143,32,11.0,24.0,6.0,4,8,69,12.0,0.0,23.0,23.0,4.0,8.0,false
16.0,0.0,21.0,33,16.0,1.0,13.0,13,19.0,24.0,2,144,332,21.0,0.0,0.0,15.0,16.0,7,6,24.0,1,19.0,2.0,9.0,22,23.0,548,18,22.0,14.0,11.0,0,17,528,7.0,2.0,9.0,10.0,19.0,11.0,false
22.0,22.0,18.0,4,25.0,18.0,13.0,29,0.0,4.0,3,222,222,26.0,17.0,26.0,4.0,18.0,18,10,10.0,5,13.0,25.0,23.0,12,23.0,428,3,4.0,11.0,4.0,27,21,366,23.0,7.0,14.0,6.0,23.0,3.0,false
13.0,11.0,9.0,15,12.0,16.0,4.0,31,22.0,8.0,1,516,17,11.0,0.0,14.0,16.0,10.0,19,4,21.0,2,12.0,12.0,10.0,10,22.0,542,33,21.0,3.0,23.0,9,15,475,15.0,4.0,8.0,0.0,4.0,1.0,true
14.0,18.0,18.0,7,25.0,22.0,3.0,1,25.0,4.0,0,162,254,6.0,1.0,23.0,25.0,23.0,6,9,19.0,1,20.0,0.0,7.0,18,23.0,524,12,17.0,1.0,3.0,17,31,536,13.0,23.0,14.0,19.0,2.0,20.0,false
12.0,11.0,18.0,0,6.0,25.0,12.0,15,9.0,12.0,0,365,301,19.0,13.0,26.0,26.0,23.0,17,1,17.0,17,4.0,3.0,1.0,26,25.0,416,24,8.0,21.0,20.0,4,15,304,19.0,4.0,8.0,14.0,19.0,11.0,true
14.0,1.0,23.0,10,8.0,22.0,12.0,5,13.0,24.0,0,81,236,18.0,14.0,11.0,18.0,26.0,7,10,7.0,16,0.0,23.0,10.0,21,13.0,400,11,8.0,15.0,14.0,21,33,285,8.0,4.0,11.0,19.0,9.0,10.0,false